fold,model,test_start,test_end,n_test,qlike,mse_log,mae_vol
1,har_rv,2014-01-01,2014-12-31,253,0.5727662388034561,1.5580581107657019,0.0031414851281924326
1,garch11,2014-01-01,2014-12-31,253,0.4698770834695496,1.3301048161349487,0.0028033387769645624
1,ridge,2014-01-01,2014-12-31,253,0.39127164274223725,1.0241085358445396,0.0023999720783297396
1,lasso,2014-01-01,2014-12-31,253,0.3926691572426697,1.0300401663117356,0.0024076337205433417
1,svr,2014-01-01,2014-12-31,253,0.4329905365518506,0.904047231824676,0.0022635387609034685
1,xgboost,2014-01-01,2014-12-31,253,0.44052873842309465,1.1953517390803343,0.0026205673328160814
2,har_rv,2015-01-01,2015-12-31,252,0.8586150678257246,1.0952931347584598,0.003333399626521633
2,garch11,2015-01-01,2015-12-31,252,0.614046370913767,1.288960914539614,0.0036926878731744646
2,ridge,2015-01-01,2015-12-31,252,0.6333366615051176,0.9624747990957178,0.003197094437501374
2,lasso,2015-01-01,2015-12-31,252,0.6332786673201519,0.9616958145741561,0.0031961635484705183
2,svr,2015-01-01,2015-12-31,252,0.6790317593476792,0.9690364880925719,0.003265253915177623
2,xgboost,2015-01-01,2015-12-31,252,0.6696294636673429,0.9384906133513394,0.00306127788380619
3,har_rv,2016-01-01,2016-12-31,252,0.6971362647328424,1.3269760768674705,0.003175068742259287
3,garch11,2016-01-01,2016-12-31,252,0.6573771299403605,1.2918205076276537,0.0032305450512553524
3,ridge,2016-01-01,2016-12-31,252,0.6281466901630713,0.9055197960036616,0.002506189349545086
3,lasso,2016-01-01,2016-12-31,252,0.6273419323283089,0.9073158822551114,0.002508605303821693
3,svr,2016-01-01,2016-12-31,252,0.6348478859150867,0.8448823594425487,0.0024098113552574363
3,xgboost,2016-01-01,2016-12-31,252,0.5530870723198709,0.8583380983500234,0.002549577889504408
4,har_rv,2017-01-01,2017-12-31,251,0.6932852589123241,2.395173587878796,0.003099250569852125
4,garch11,2017-01-01,2017-12-31,251,0.5428309083639066,1.729015161572527,0.0023853629912024992
4,ridge,2017-01-01,2017-12-31,251,0.44763069591253946,1.2595027890898651,0.00189242851121633
4,lasso,2017-01-01,2017-12-31,251,0.44928793027843383,1.2695293110907555,0.0019018141827694074
4,svr,2017-01-01,2017-12-31,251,0.4160433096814496,1.0310079735217892,0.0016435677677132908
4,xgboost,2017-01-01,2017-12-31,251,0.4169539403255972,1.012415710762075,0.0016234260852788795
5,har_rv,2018-01-01,2018-12-31,251,1.1077764831346937,1.35901553107193,0.0039678457302876145
5,garch11,2018-01-01,2018-12-31,251,0.492361158813133,0.996110199404549,0.003525549385334955
5,ridge,2018-01-01,2018-12-31,251,0.6192018533529949,0.9079616878597812,0.003328924578485227
5,lasso,2018-01-01,2018-12-31,251,0.619587479397012,0.9089455167775383,0.0033322710869307863
5,svr,2018-01-01,2018-12-31,251,0.6119944425925392,0.8248068812948393,0.003170074235638261
5,xgboost,2018-01-01,2018-12-31,251,0.5362252892266104,0.8255838742364804,0.0031816107060550097
6,har_rv,2019-01-01,2019-12-31,252,0.5666273782256757,1.0959336608750108,0.0027656294653263026
6,garch11,2019-01-01,2019-12-31,252,0.49082268573728227,1.2285016094126024,0.003132626369806384
6,ridge,2019-01-01,2019-12-31,252,0.5093051012618831,0.8324244489692751,0.0024571111799529055
6,lasso,2019-01-01,2019-12-31,252,0.5078989101456375,0.8327122495424675,0.0024553983131830335
6,svr,2019-01-01,2019-12-31,252,0.5108642411876237,0.8135151157779824,0.002412610692211101
6,xgboost,2019-01-01,2019-12-31,252,0.4918688693851243,0.8189045275919579,0.0023793545632920833
7,har_rv,2020-01-01,2020-12-31,253,1.9769069903257144,2.2266119799262882,0.017776568244504402
7,garch11,2020-01-01,2020-12-31,253,0.7686379794490521,1.10178520289819,0.006623611569740667
7,ridge,2020-01-01,2020-12-31,253,1.141876678577064,1.2638600094325694,0.008144568680831694
7,lasso,2020-01-01,2020-12-31,253,1.1387748356229714,1.248131055834853,0.007966134692081937
7,svr,2020-01-01,2020-12-31,253,1.3917913046918564,1.28484714382958,0.007097356198910218
7,xgboost,2020-01-01,2020-12-31,253,1.1521904059317079,1.0991318052585288,0.006136604261478211
8,har_rv,2021-01-01,2021-12-31,252,0.615270526695417,1.1406362575141304,0.002912883265192784
8,garch11,2021-01-01,2021-12-31,252,0.5698038959683858,1.4098001280023487,0.003326334095031426
8,ridge,2021-01-01,2021-12-31,252,0.5216737808699271,0.9198762975776926,0.0025836425506644257
8,lasso,2021-01-01,2021-12-31,252,0.5205810100254611,0.9205433274209763,0.0025841090534185545
8,svr,2021-01-01,2021-12-31,252,0.5640837144520564,0.9104936420130769,0.002586703999261602
8,xgboost,2021-01-01,2021-12-31,252,0.5047147779419823,0.8854816588342255,0.0025620103634370565
9,har_rv,2022-01-01,2022-12-31,251,1.7057607395283256,1.5939549062321423,0.006137325722032835
9,garch11,2022-01-01,2022-12-31,251,0.3911657047330827,0.838803420936972,0.004897417960938518
9,ridge,2022-01-01,2022-12-31,251,0.6488992217144899,0.8045079378467971,0.0044209640991602845
9,lasso,2022-01-01,2022-12-31,251,0.6507299565773293,0.8049494084921017,0.0044205134999408
9,svr,2022-01-01,2022-12-31,251,0.47506889805930264,0.7078985490143535,0.004291807274603609
9,xgboost,2022-01-01,2022-12-31,251,0.4791598959993773,0.6806134181290113,0.004150928143210317
10,har_rv,2023-01-01,2023-12-31,250,0.4125731629705573,0.783902078403051,0.00254443539667182
10,garch11,2023-01-01,2023-12-31,250,0.3194997433216641,0.9265457755651101,0.0026758656252144648
10,ridge,2023-01-01,2023-12-31,250,0.3476751521126636,0.6609826886793829,0.0024225247660482822
10,lasso,2023-01-01,2023-12-31,250,0.3477774005506561,0.6624517935198208,0.0024263813688260357
10,svr,2023-01-01,2023-12-31,250,0.35277287674673774,0.6256736648581898,0.002298800153193615
10,xgboost,2023-01-01,2023-12-31,250,0.3430312114578822,0.6349058019024616,0.0023005028647143243
11,har_rv,2024-01-01,2024-12-31,252,0.6255654528466261,1.0522507183255116,0.0028493650834512645
11,garch11,2024-01-01,2024-12-31,252,0.5069649959078829,1.2273216945828405,0.003156547344267073
11,ridge,2024-01-01,2024-12-31,252,0.5622613842522243,0.8781054852150274,0.0026042921416396378
11,lasso,2024-01-01,2024-12-31,252,0.5615492739559821,0.878724279016923,0.0026067958187693733
11,svr,2024-01-01,2024-12-31,252,0.6344144994410809,0.8744154376326284,0.0025819780748948737
11,xgboost,2024-01-01,2024-12-31,252,0.5956059139141291,0.8769488159210969,0.0025999210236241537
12,har_rv,2025-01-01,2025-12-31,250,1.0072637603122572,1.234436510269206,0.004021325184259363
12,garch11,2025-01-01,2025-12-31,250,0.5736715481229212,1.307095761096478,0.004442934942373013
12,ridge,2025-01-01,2025-12-31,250,0.7064585976491201,0.9589712916347725,0.0034442237115832816
12,lasso,2025-01-01,2025-12-31,250,0.7052920586696283,0.9581419293247015,0.003452681974276834
12,svr,2025-01-01,2025-12-31,250,0.6822103125719187,1.0174378601899323,0.00387294045712848
12,xgboost,2025-01-01,2025-12-31,250,0.6468379075977722,0.9600556310080764,0.0034904213741964634
13,har_rv,2026-01-01,2026-04-27,79,961.4671586383736,61.23610068702031,3.4160287977566584
13,garch11,2026-01-01,2026-04-27,79,898.9540790179893,2.718656262063175,0.027125139187820696
13,ridge,2026-01-01,2026-04-27,79,336920.1423480117,159.31995828638773,8.191668004094984
13,lasso,2026-01-01,2026-04-27,79,336920.5559252277,159.3201902455172,8.191669221377953
13,svr,2026-01-01,2026-04-27,79,1009.7610066255547,4.526774155978912,0.03190602016926601
13,xgboost,2026-01-01,2026-04-27,79,1084.517437683526,2.7022162551525364,0.02716598661653265
